{
	"partitions" : [
		{
			"name" : "Top",
			"pins" : [
				{
					"name" : "OUT_PORT[0]",
					"strict" : false
				},
				{
					"name" : "OUT_PORT[1]",
					"strict" : false
				},
				{
					"name" : "OUT_PORT[2]",
					"strict" : false
				},
				{
					"name" : "OUT_PORT[3]",
					"strict" : false
				},
				{
					"name" : "OUT_PORT[4]",
					"strict" : false
				},
				{
					"name" : "OUT_PORT[5]",
					"strict" : false
				},
				{
					"name" : "OUT_PORT[6]",
					"strict" : false
				},
				{
					"name" : "OUT_PORT[7]",
					"strict" : false
				},
				{
					"name" : "CLK",
					"strict" : false
				},
				{
					"name" : "RESET",
					"strict" : false
				},
				{
					"name" : "IN_PORT[0]",
					"strict" : false
				},
				{
					"name" : "IN_PORT[1]",
					"strict" : false
				},
				{
					"name" : "IN_PORT[2]",
					"strict" : false
				},
				{
					"name" : "IN_PORT[3]",
					"strict" : false
				},
				{
					"name" : "IN_PORT[4]",
					"strict" : false
				},
				{
					"name" : "IN_PORT[5]",
					"strict" : false
				},
				{
					"name" : "IN_PORT[6]",
					"strict" : false
				},
				{
					"name" : "IN_PORT[7]",
					"strict" : false
				}
			]
		}
	]
}