<?xml version="1.0" encoding="UTF-8"?>
<preferences>
 <debug showDebugMenu="0" />
 <systemtable filter="All Interfaces">
  <columns>
   <connections preferredWidth="159" />
   <irq preferredWidth="34" />
   <baseaddress preferredWidth="108" />
   <endaddress preferredWidth="30" />
   <inputclock preferredWidth="113" />
   <export preferredWidth="80" />
   <description preferredWidth="48" />
  </columns>
 </systemtable>
 <library expandedCategories="Library,Project" />
 <window width="1630" height="1004" x="78" y="4" />
 <hdlexample language="VHDL" />
 <generation synthesis="VHDL" />
</preferences>
