{
	"partitions" : [
		{
			"name" : "Top",
			"pins" : [
				{
					"name" : "out_port[7]",
					"strict" : false
				},
				{
					"name" : "out_port[6]",
					"strict" : false
				},
				{
					"name" : "out_port[5]",
					"strict" : false
				},
				{
					"name" : "out_port[4]",
					"strict" : false
				},
				{
					"name" : "out_port[3]",
					"strict" : false
				},
				{
					"name" : "out_port[2]",
					"strict" : false
				},
				{
					"name" : "out_port[1]",
					"strict" : false
				},
				{
					"name" : "out_port[0]",
					"strict" : false
				},
				{
					"name" : "clk",
					"strict" : false
				},
				{
					"name" : "reset",
					"strict" : false
				},
				{
					"name" : "in_port[7]",
					"strict" : false
				},
				{
					"name" : "in_port[0]",
					"strict" : false
				},
				{
					"name" : "in_port[1]",
					"strict" : false
				},
				{
					"name" : "in_port[2]",
					"strict" : false
				},
				{
					"name" : "in_port[3]",
					"strict" : false
				},
				{
					"name" : "in_port[4]",
					"strict" : false
				},
				{
					"name" : "in_port[5]",
					"strict" : false
				},
				{
					"name" : "in_port[6]",
					"strict" : false
				}
			]
		}
	]
}