<?xml version="1.0" encoding="UTF-8"?>
<preferences>
 <debug showDebugMenu="0" />
 <systemtable filter="All Interfaces">
  <columns>
   <connections preferredWidth="143" />
   <irq preferredWidth="34" />
   <baseaddress preferredWidth="108" />
   <endaddress preferredWidth="30" />
   <inputclock preferredWidth="113" />
   <export preferredWidth="80" />
   <description preferredWidth="48" />
  </columns>
 </systemtable>
 <library
   expandedCategories="Library/University Program,Library/Basic Functions/On Chip Memory,Library,Project,Library/Basic Functions" />
 <window width="1453" height="1009" x="467" y="23" />
 <hdlexample language="VHDL" />
 <generation synthesis="VHDL" />
</preferences>
