<?xml version="1.0" encoding="UTF-8"?>
<preferences>
 <debug showDebugMenu="0" />
 <systemtable filter="All Interfaces">
  <columns>
   <connections preferredWidth="159" />
   <irq preferredWidth="34" />
   <baseaddress preferredWidth="108" />
   <endaddress preferredWidth="30" />
   <inputclock preferredWidth="113" />
   <export preferredWidth="80" />
   <description preferredWidth="48" />
  </columns>
 </systemtable>
 <library expandedCategories="Project,Library" />
 <window width="1319" height="1004" x="19" y="0" />
 <hdlexample language="VHDL" />
 <generation synthesis="VHDL" />
</preferences>
