<?xml version="1.0" encoding="UTF-8"?>
<preferences>
 <debug showDebugMenu="0" />
 <systemtable filter="All Interfaces">
  <columns>
   <connections preferredWidth="303" />
   <irq preferredWidth="79" />
   <name preferredWidth="192" />
   <description preferredWidth="208" />
   <export preferredWidth="30" />
   <baseaddress preferredWidth="30" />
   <endaddress preferredWidth="30" />
   <inputclock preferredWidth="30" />
  </columns>
 </systemtable>
 <library
   expandedCategories="Library/University Program,Library/University Program/Audio &amp; Video,Library/University Program/Audio &amp; Video/Video,Project,Library" />
 <window width="1936" height="1056" x="-8" y="-8" />
</preferences>
