# system info nios_system on 2020.05.26.13:38:15
system_info:
name,value
DEVICE,5CSEBA6U23I7
DEVICE_FAMILY,Cyclone V
GENERATION_ID,1590514687
#
#
# Files generated for nios_system on 2020.05.26.13:38:15
files:
filepath,kind,attributes,module,is_top
simulation/nios_system.v,VERILOG,,nios_system,true
simulation/submodules/nios_system_clocks.v,VERILOG,,nios_system_clocks,false
#
# Map from instance-path to kind of module
instances:
instancePath,module
nios_system.clocks,nios_system_clocks
nios_system.clocks.sys_pll,nios_system_clocks_sys_pll
nios_system.clocks.reset_from_locked,altera_up_avalon_reset_from_locked_signal
nios_system.fp_sqrt64_0,nios_system_fp_sqrt64_0
nios_system.jtag_uart,nios_system_jtag_uart
nios_system.leds,nios_system_leds
nios_system.nios2_gen2,nios_system_nios2_gen2
nios_system.pushbuttons,nios_system_pushbuttons
nios_system.sdram,nios_system_sdram
nios_system.switches,nios_system_switches
nios_system.timer,nios_system_timer
nios_system.nios2_gen2_custom_instruction_master_translator,altera_customins_master_translator
nios_system.nios2_gen2_custom_instruction_master_multi_xconnect,nios_system_nios2_gen2_custom_instruction_master_multi_xconnect
nios_system.nios2_gen2_custom_instruction_master_multi_slave_translator0,altera_customins_slave_translator
nios_system.mm_interconnect_0,nios_system_mm_interconnect_0
nios_system.irq_mapper,nios_system_irq_mapper
nios_system.rst_controller,altera_reset_controller
