<?xml version="1.0" encoding="UTF-8"?>
<preferences>
 <debug showDebugMenu="0" />
 <systemtable filter="All Interfaces">
  <columns>
   <connections preferredWidth="47" />
   <irq preferredWidth="34" />
   <baseaddress preferredWidth="108" />
   <endaddress preferredWidth="30" />
   <inputclock preferredWidth="113" />
   <export preferredWidth="80" />
   <description preferredWidth="193" />
   <name preferredWidth="206" />
  </columns>
 </systemtable>
 <library expandedCategories="Library,Project" />
 <window width="1503" height="1004" x="173" y="36" />
 <hdlexample language="VERILOG" />
 <generation synthesis="VERILOG" />
</preferences>
